Invoice_ID,Customer_Name,Invoice_Amount,Amount_Paid,Outstanding_Amount,Days_Delayed,SLA_Penalty,Invoice_Status,outstanding,leakage,risk_level
1,Customer_9,97489,92406,5083,20,12548,Pending,5083,17631,Medium
2,Customer_17,83340,14664,68676,20,3196,Pending,68676,71872,Medium
3,Customer_1,60985,34600,26385,5,8369,Pending,26385,34754,Low
4,Customer_10,78538,7447,71091,5,6165,Pending,71091,77256,Low
5,Customer_2,71182,3342,67840,20,3554,Pending,67840,71394,Medium
6,Customer_9,52383,14100,38283,45,7568,Pending,38283,45851,High
7,Customer_14,69866,1764,68102,15,2809,Pending,68102,70911,Low
8,Customer_8,136414,10921,125493,60,9282,Pending,125493,134775,High
9,Customer_14,94919,51532,43387,60,7081,Pending,43387,50468,High
10,Customer_9,45165,1233,43932,5,10549,Pending,43932,54481,Low
11,Customer_4,69561,20552,49009,10,2648,Pending,49009,51657,Low
12,Customer_4,117499,11395,106104,60,8899,Pending,106104,115003,High
13,Customer_13,170960,129255,41705,15,14563,Pending,41705,56268,Low
14,Customer_13,75711,17101,58610,10,12230,Pending,58610,70840,Low
15,Customer_2,168158,15082,153076,45,7255,Pending,153076,160331,High
16,Customer_18,168833,3154,165679,30,10804,Pending,165679,176483,Medium
17,Customer_19,164418,81434,82984,0,0,Pending,82984,82984,Low
18,Customer_9,148069,85270,62799,15,8041,Pending,62799,70840,Low
19,Customer_3,165884,110459,55425,10,6051,Pending,55425,61476,Low
20,Customer_6,183000,80993,102007,60,10369,Pending,102007,112376,High
21,Customer_12,120606,80486,40120,15,11687,Pending,40120,51807,Low
22,Customer_16,40769,40588,181,60,7453,Pending,181,7634,High
23,Customer_8,132668,39502,93166,60,9590,Pending,93166,102756,High
24,Customer_13,196640,100760,95880,30,6230,Pending,95880,102110,Medium
25,Customer_1,196000,27123,168877,0,0,Pending,168877,168877,Low
26,Customer_19,178165,52685,125480,20,6337,Pending,125480,131817,Medium
27,Customer_13,57276,34290,22986,0,0,Pending,22986,22986,Low
28,Customer_3,66738,55314,11424,45,2744,Pending,11424,14168,High
29,Customer_6,30568,16027,14541,30,3106,Pending,14541,17647,Medium
30,Customer_3,114246,31264,82982,15,14110,Pending,82982,97092,Low
31,Customer_8,48700,29428,19272,45,6976,Pending,19272,26248,High
32,Customer_14,185228,16268,168960,20,8075,Pending,168960,177035,Medium
33,Customer_11,169280,79295,89985,5,7269,Pending,89985,97254,Low
34,Customer_7,45624,21675,23949,0,0,Pending,23949,23949,Low
35,Customer_2,196477,138295,58182,15,3260,Pending,58182,61442,Low
36,Customer_1,55210,46612,8598,20,3951,Pending,8598,12549,Medium
37,Customer_17,150471,69619,80852,20,6027,Pending,80852,86879,Medium
38,Customer_5,69046,28861,40185,5,5086,Pending,40185,45271,Low
39,Customer_11,182502,105143,77359,10,11899,Pending,77359,89258,Low
40,Customer_6,111270,37038,74232,20,5129,Pending,74232,79361,Medium
41,Customer_9,137183,52401,84782,60,7656,Pending,84782,92438,High
42,Customer_6,171623,102098,69525,10,13488,Pending,69525,83013,Low
43,Customer_4,124229,29620,94609,5,14848,Pending,94609,109457,Low
44,Customer_2,65905,10118,55787,60,13703,Pending,55787,69490,High
45,Customer_9,148424,20614,127810,10,4994,Pending,127810,132804,Low
46,Customer_14,114587,85463,29124,10,4234,Pending,29124,33358,Low
47,Customer_6,36985,21724,15261,0,0,Pending,15261,15261,Low
48,Customer_1,65212,32478,32734,0,0,Pending,32734,32734,Low
49,Customer_6,32491,29891,2600,10,12345,Pending,2600,14945,Low
50,Customer_2,171543,72772,98771,5,5369,Pending,98771,104140,Low
51,Customer_12,125573,28282,97291,20,6281,Pending,97291,103572,Medium
52,Customer_19,195748,139921,55827,0,0,Pending,55827,55827,Low
53,Customer_9,122608,84342,38266,5,4485,Pending,38266,42751,Low
54,Customer_18,90804,3743,87061,0,0,Pending,87061,87061,Low
55,Customer_13,81724,47510,34214,60,10534,Pending,34214,44748,High
56,Customer_11,48390,259,48131,15,10856,Pending,48131,58987,Low
57,Customer_14,136779,28294,108485,0,0,Pending,108485,108485,Low
58,Customer_9,58411,27070,31341,5,9539,Pending,31341,40880,Low
59,Customer_2,104872,94064,10808,15,11646,Pending,10808,22454,Low
60,Customer_7,196038,36460,159578,60,9015,Pending,159578,168593,High
61,Customer_15,195771,44631,151140,60,12288,Pending,151140,163428,High
62,Customer_14,191821,98759,93062,0,0,Pending,93062,93062,Low
63,Customer_12,94314,53995,40319,15,2719,Pending,40319,43038,Low
64,Customer_16,98932,49516,49416,10,11258,Pending,49416,60674,Low
65,Customer_10,137300,13248,124052,15,2256,Pending,124052,126308,Low
66,Customer_19,56490,49872,6618,60,8561,Pending,6618,15179,High
67,Customer_19,51580,14657,36923,60,2765,Pending,36923,39688,High
68,Customer_2,154602,38162,116440,60,12694,Pending,116440,129134,High
69,Customer_17,122205,76621,45584,45,6279,Pending,45584,51863,High
70,Customer_9,81194,2983,78211,5,12022,Pending,78211,90233,Low
71,Customer_9,36260,12798,23462,45,6941,Pending,23462,30403,High
72,Customer_16,51709,15322,36387,60,13688,Pending,36387,50075,High
73,Customer_7,88746,8852,79894,10,4677,Pending,79894,84571,Low
74,Customer_16,78055,51711,26344,60,8301,Pending,26344,34645,High
75,Customer_17,163410,27275,136135,20,3027,Pending,136135,139162,Medium
76,Customer_6,146137,134198,11939,10,10698,Pending,11939,22637,Low
77,Customer_5,74799,23830,50969,5,12668,Pending,50969,63637,Low
78,Customer_3,96698,9487,87211,5,12494,Pending,87211,99705,Low
79,Customer_7,161684,94048,67636,15,4304,Pending,67636,71940,Low
80,Customer_19,120452,49607,70845,15,3393,Pending,70845,74238,Low
81,Customer_20,152096,32942,119154,20,12473,Pending,119154,131627,Medium
82,Customer_7,183861,58677,125184,15,12066,Pending,125184,137250,Low
83,Customer_3,114507,108848,5659,60,9390,Pending,5659,15049,High
84,Customer_19,35770,25165,10605,60,6836,Pending,10605,17441,High
85,Customer_11,47512,22233,25279,45,8482,Pending,25279,33761,High
86,Customer_16,146734,8636,138098,10,14636,Pending,138098,152734,Low
87,Customer_16,168703,110299,58404,60,9585,Pending,58404,67989,High
88,Customer_19,85689,49628,36061,45,12791,Pending,36061,48852,High
89,Customer_9,159487,56476,103011,10,3017,Pending,103011,106028,Low
90,Customer_19,139648,129185,10463,30,13395,Pending,10463,23858,Medium
91,Customer_19,38508,15391,23117,60,2675,Pending,23117,25792,High
92,Customer_17,47344,5789,41555,20,5312,Pending,41555,46867,Medium
93,Customer_12,56738,4527,52211,15,5019,Pending,52211,57230,Low
94,Customer_17,199558,185227,14331,10,13209,Pending,14331,27540,Low
95,Customer_3,137940,78917,59023,0,0,Pending,59023,59023,Low
96,Customer_16,189361,156180,33181,10,7968,Pending,33181,41149,Low
97,Customer_18,173380,125664,47716,10,4875,Pending,47716,52591,Low
98,Customer_18,152194,78125,74069,5,11485,Pending,74069,85554,Low
99,Customer_20,141908,72003,69905,60,3549,Pending,69905,73454,High
100,Customer_6,198049,197837,212,60,7461,Pending,212,7673,High
